YearsExperience,Salary
3.2,54445.0
9.0,105582.0
9.5,116969.0
4.5,61111.0
5.9,81363.0
10.5,121872.0
5.1,66029.0
6.8,91738.0
1.5,37731.0
8.7,109431.0
2.9,56642.0
5.3,83088.0
4.9,67938.0
6.0,93940.0
3.7,57189.0
2.2,39891.0
10.3,122391.0
4.0,55794.0
9.6,112635.0
8.2,113812.0
7.1,98273.0
4.1,57081.0
3.9,63218.0
2.0,43525.0
