YearsExperience,Salary
5.9,81363.0
6.0,93940.0
4.1,57081.0
4.9,67938.0
2.2,39891.0
3.9,63218.0
4.5,61111.0
9.5,116969.0
6.8,91738.0
3.2,54445.0
8.7,109431.0
5.3,83088.0
7.1,98273.0
9.6,112635.0
3.2,64445.0
4.0,56957.0
1.3,46205.0
7.9,101302.0
3.0,60150.0
2.0,43525.0
10.5,121872.0
1.5,37731.0
10.3,122391.0
1.1,39343.0
